Winning Chess Tactics for Juniors,Lou Hays
Understanding the Jet Stream: Clash of the Titans,Ged Dunkel
First Thrills: Volume 2,Lee Child
How Many Days to America?: A Thanksgiving Story,Eve Bunting
Paper Captain: The Paper Boat Captain's Manual,Juliette Cezzar
Late Night With Elaine / A Short And Sweet Sex Story,Joe Brewster
Sidetracked Home Executives(TM): From Pigpen to Paradise,Pam Young
Sam's Christmas Word Book,Yves Got
Faith Has Its Reasons: Integrative Approaches to Defending the Christian Faith,Kenneth D. Boa
High Court Case Summaries on Civil Procedure, Keyed to Friedenthal, 10th,West Law School
Study Guide and Selected Solutions Manual for College Physics Volume 1,Jerry D. Wilson
The Plantation,Di Morrissey
Respiratory Care Exam Review: Review for the Entry Level and Advanced Exams,Gary Persing BS  RRT
The Real Food Diet Cookbook,Josh Axe
Assessment and ESL: An Alternative Approach,Barbara Law
PeriAnesthesia Nursing Core Curriculum: Preprocedure, Phase I and Phase II PACU Nursing,ASPAN
What Went Wrong?: Book Four,kg cummings
In the Garden of Beasts: Love, Terror, and an American Family in Hitler's Berlin,Erik Larson
Zuwachsgrössen Und Wachstumsgeschwindigkeiten Bei Pflanzen ... (German Edition),Ie Paul Max Emil Büchner
Deuce, The (Midtown Blue Book #1),F. P. Lione
Photovoltaics and Architecture,ax Fordham &amp; Partners
All Souls' Day,Nooteboom Cees
Free &amp; Easy: An Interactive Movie Script,Lui Hah Wah Elena
Clinical Engineering Handbook (Biomedical Engineering),Joseph Dyro B.S. Electrical Engineering  Massachusetts Institute of Technology&lt;br&gt;M.S. and Ph.D. Biomedical Electronics Engineering  University of Pennsylvania
Massage Therapy: Principles and Practice,Susan G. Salvo BEd  LMT  NTS  CI  NCTMB
Cheats Unlimited presents EZ Guides: Bioshock 2,ICE Games Ltd.
4Him - Hymns: A Place of Worship,4Him
Working with Budgets SS3, Third Edition (Management Development Super),NEBS Management
Lonely Planet Turkey, 9th Edition,Pat, Et Yale
How to Teach Art to Children, Grades 1-6,Joy Evans
Romance Ebook - Love begets Wealth,GJ Bajaj
EZ Solutions - Test Prep Series - Math Review - Geometry - GMAT (Edition: New. Version: Revised. 2011) (Ez Solutions: Test Prep Series),Punit Raja SuryaChandra
Advances in Configural Frequency Analysis (Methodology In The Social Sciences),Alexander von Eye PhD
The Darkness of Light: The Crystal of Light (Volume 1),Hap Lea
The Three Musketeers (Modern Library Classics),Alexandre Dumas pere
Throwaway,Heather Huffman
11th Cat, Vol. 2,Kim Mi-Kyung
Total mercury levels in hair, toenail, and urine among women free from occupational exposure and their relations to renal tubular function [An article from: Environmental Research],T. Ohno
Tajikistan, Southern,Orell Fussli Kartographie AG
Geschiedkundige opstellen.,Willem Hendrik De Beaufort Lid Der Tweede Kamer Voor Amsterdam.
Nonviolence in Theory and Practice,Barry L. Gan
Jose A. Figueroa: A Cuban Self-Portrait,Jose Figueroa
The Man from St. Petersburg,Ken Follett
Recovery: A Guide for Mental Health Practitioners,Peter N Watkins MEd  RMN  RNT  DipN  Dip Hum Psych
De La Réforme Des Prisons En France, Basée Sur La Doctrine Du Système Pénal Et Le Principe De L'isolement Individuel (French Edition),L-M Moreau-Christophe
Street Fighter IV, Vol. 1,Ken Siu-Chong
Beyond Seaside,CL Dautel
Mills &amp; Boon comics: A Husband to Belong To,MARITO AI
Psychological Evaluations for the Courts, Third Edition: A Handbook for Mental Health Professionals and Lawyers,Gary B. Melton PhD
Medical Terminology: A Short Course,Davi-Ellen Chabner BA  MAT
The Adventures of Little Proto (Odds Bodkin Musical Story Collection),Odds Bodkin
The Elizabethan clergy and the settlement of religion, 1558-1564,Henry Gee
Living Green Page-A-Day Calendar 2010: 365 Ways to Make a Difference (Page-A-Day Calendars),CC Workman Publishing
Grady's Awakening (Resonance Mates),Bianca D'Arc
Esu--Elegra: Ifa and the Divine Messenger,Awo Fa'lokun Fatunmbi
Trovas do Bandarra natural da Villa de Trancoso, apuradas e impressas por ordem de um grande senhor de Portugal (Portuguese Edition),Gonçalo Anes Bandarra
Story Of The Tao #4,Ding Kin Lau
Dark Shadows - The First Year,Dark Shadows Fan Club
Emma Farnes My Book "G" c.1915 - Antique Spider Design Edgings, Insertions, yokes &amp; Corners,Emma Farnes My Book "G" c.1910-1915
The Miss Tutti Frutti Contest: Travel Tales of the South Pacific,Graeme Lay
Jet Learning Laboratory 11th Grade Math Prep: High School Exit Mathematics Challenge Book,Jet Learning Laboratory
O Novo Ingles Sem Custo,Book &amp; MP3 CD
Neonatal Nurse Practitioner Exam Flashcard Study System: NP Test Practice Questions &amp; Review for the Nurse Practitioner Exam,NP Exam Secrets Test Prep Team
Tame Topology and O-minimal Structures (London Mathematical Society Lecture Note Series),L. P. D. van den Dries
Mardi Gras In New Orleans,The Dixie Cups
A Latin Dictionary by Lewis and Short 2: F-Poto,LS LS
Model Rules of Professional Conduct, 2008,American Bar Association
Professional Portfolios: Evidence of Competency for nurses and midwives,Kate Andre RN  RM  PhD  MN  BN  FRCNA
Communicate with Confidence: A Woman's Guide,Pamela Jett-Aal
Taxation: Policy and Practice 2008/09 15th edition,Andy Lymer
Flow and Contaminant Transport in Fractured Rock,Jacob Bear
Blackwell Underground Clinical Vignettes Internal Medicine: Inpatient,Vikas Bhushan
Trains Coloring Book (8.5x11),ColoringBook.com
Puntos De Partida (Spanish Edition),Marty Knorre
The Millionaire's Nanny,Carol Grace
The Secret Power of Yoga: A Woman's Guide to the Heart and Spirit of the Yoga Sutras,Nischala Joy Devi
The Case of the Flashing Fashion Queen: A Dix Dodd Mystery (Dix Dodd Mysteries),Norah Wilson
Stories by Foreign Authors; Polish, Greek, Belgian, Hungarian,Mór Jókai
Playboy's Playmates In Bed 2007,Editors Of Playboy's Playmates In Bed Magazine
The Carnal Desires of Helen: The Adventurous Romance Romp of a Dirty Detective (Romance Love and Lust Adventure Stories - New Release Classic Erotic Literature for Couples (Novel Series)),Kindle Romance Love-Story
The Education of Historians for Twenty-first Century,Thomas Bender
The Rosicrucian Mysteries An Elementary Exposition of Their Secret Teachings,Max Heindel
LEGO Harry Potter Building the Magical World,DK Publishing
Lands' End Business Attire for Women: Mastering the New ABCs of What to Wear to Work,Lands' End
Schillers Abhandlung "Über Naive Und Sentimentalische Dichtung.": Studien Zur Entstenhungsgeschichte (German Edition),Ado Gaede
Corporate Finance: Theory &amp; Practice,Pierre Vernimmen
Codigo Penal De La Republica Del Paraguay (1880) (Spanish Edition),Imp. De La Reforma Publisher
Flip and See ECG,Elizabeth Gross Cohn RN  MS  NP  ACNP  DNSc  CEN  EMT-CC
